name,org_id,year,category,programs
Blue Path 1,O01,2018,Environment,126
Blue Path 1,O01,2018,Health,21
Blue Path 1,O01,2018,Education,108
Blue Path 1,O01,2018,Law,57
Blue Path 1,O01,2018,Community,65
Blue Path 1,O01,2018,Total,372
Blue Path 1,O01,2019,Environment,121
Blue Path 1,O01,2019,Health,20
Blue Path 1,O01,2019,Education,119
Blue Path 1,O01,2019,Law,58
Blue Path 1,O01,2019,Community,63
Blue Path 1,O01,2019,Total,362
Blue Path 1,O01,2020,Environment,76
Blue Path 1,O01,2020,Health,58
Blue Path 1,O01,2020,Education,89
Blue Path 1,O01,2020,Law,72
Blue Path 1,O01,2020,Community,58
Blue Path 1,O01,2020,Total,346
Blue Path 1,O01,2021,Community,23
Blue Path 1,O01,2021,Law,49
Blue Path 1,O01,2021,Total,307
Blue Path 1,O01,2021,Health,23
Blue Path 1,O01,2021,Environment,139
Blue Path 1,O01,2021,Education,87
Blue Path 1,O01,2022,Environment,105
Blue Path 1,O01,2022,Health,110
Blue Path 1,O01,2022,Education,92
Blue Path 1,O01,2022,Law,34
Blue Path 1,O01,2022,Community,55
Blue Path 1,O01,2022,Total,424
Blue Path 1,O01,2023,Total,449
Blue Path 1,O01,2023,Community,112
Blue Path 1,O01,2023,Law,47
Blue Path 1,O01,2023,Health,81
Blue Path 1,O01,2023,Environment,61
Blue Path 1,O01,2023,Education,121
Blue Path 1,O01,2024,Community,91
Blue Path 1,O01,2024,Environment,23
Blue Path 1,O01,2024,Health,101
Blue Path 1,O01,2024,Education,34
Blue Path 1,O01,2024,Law,45
Blue Path 1,O01,2024,Total,291
Green Hearts 2,O02,2015,Environment,80
Green Hearts 2,O02,2015,Health,136
Green Hearts 2,O02,2015,Education,139
Green Hearts 2,O02,2015,Law,77
Green Hearts 2,O02,2015,Community,123
Green Hearts 2,O02,2015,Total,518
Green Hearts 2,O02,2016,Environment,76
Green Hearts 2,O02,2016,Health,133
Green Hearts 2,O02,2016,Education,132
Green Hearts 2,O02,2016,Law,74
Green Hearts 2,O02,2016,Community,110
Green Hearts 2,O02,2016,Total,481
Green Hearts 2,O02,2017,Environment,80
Green Hearts 2,O02,2017,Health,123
Green Hearts 2,O02,2017,Education,120
Green Hearts 2,O02,2017,Law,75
Green Hearts 2,O02,2017,Community,111
Green Hearts 2,O02,2017,Total,525
Green Hearts 2,O02,2018,Environment,76
Green Hearts 2,O02,2018,Health,139
Green Hearts 2,O02,2018,Education,146
Green Hearts 2,O02,2018,Law,75
Green Hearts 2,O02,2018,Community,121
Green Hearts 2,O02,2018,Total,517
Green Hearts 2,O02,2019,Environment,76
Green Hearts 2,O02,2019,Health,121
Green Hearts 2,O02,2019,Education,133
Green Hearts 2,O02,2019,Law,74
Green Hearts 2,O02,2019,Community,111
Green Hearts 2,O02,2019,Total,489
Green Hearts 2,O02,2020,Environment,32
Green Hearts 2,O02,2020,Health,127
Green Hearts 2,O02,2020,Education,88
Green Hearts 2,O02,2020,Law,27
Green Hearts 2,O02,2020,Community,52
Green Hearts 2,O02,2020,Total,297
Green Hearts 2,O02,2021,Community,82
Green Hearts 2,O02,2021,Law,39
Green Hearts 2,O02,2021,Total,285
Green Hearts 2,O02,2021,Health,22
Green Hearts 2,O02,2021,Environment,42
Green Hearts 2,O02,2021,Education,100
Green Hearts 2,O02,2022,Environment,92
Green Hearts 2,O02,2022,Health,93
Green Hearts 2,O02,2022,Education,92
Green Hearts 2,O02,2022,Law,39
Green Hearts 2,O02,2022,Community,103
Green Hearts 2,O02,2022,Total,442
Green Hearts 2,O02,2023,Total,553
Green Hearts 2,O02,2023,Community,89
Green Hearts 2,O02,2023,Law,59
Green Hearts 2,O02,2023,Health,129
Green Hearts 2,O02,2023,Environment,133
Green Hearts 2,O02,2023,Education,136
Green Hearts 2,O02,2024,Community,54
Green Hearts 2,O02,2024,Environment,51
Green Hearts 2,O02,2024,Health,104
Green Hearts 2,O02,2024,Education,45
Green Hearts 2,O02,2024,Law,29
Green Hearts 2,O02,2024,Total,300
Spark Support 3,O03,2019,Environment,95
Spark Support 3,O03,2019,Health,119
Spark Support 3,O03,2019,Education,129
Spark Support 3,O03,2019,Law,12
Spark Support 3,O03,2019,Community,91
Spark Support 3,O03,2019,Total,460
Spark Support 3,O03,2020,Environment,103
Spark Support 3,O03,2020,Health,102
Spark Support 3,O03,2020,Education,89
Spark Support 3,O03,2020,Law,76
Spark Support 3,O03,2020,Community,133
Spark Support 3,O03,2020,Total,503
Spark Support 3,O03,2021,Community,87
Spark Support 3,O03,2021,Law,39
Spark Support 3,O03,2021,Total,419
Spark Support 3,O03,2021,Health,124
Spark Support 3,O03,2021,Environment,113
Spark Support 3,O03,2021,Education,69
Spark Support 3,O03,2022,Environment,79
Spark Support 3,O03,2022,Health,102
Spark Support 3,O03,2022,Education,33
Spark Support 3,O03,2022,Law,75
Spark Support 3,O03,2022,Community,128
Spark Support 3,O03,2022,Total,397
Spark Support 3,O03,2023,Total,543
Spark Support 3,O03,2023,Community,125
Spark Support 3,O03,2023,Law,57
Spark Support 3,O03,2023,Health,120
Spark Support 3,O03,2023,Environment,112
Spark Support 3,O03,2023,Education,132
Spark Support 3,O03,2024,Community,82
Spark Support 3,O03,2024,Environment,40
Spark Support 3,O03,2024,Health,108
Spark Support 3,O03,2024,Education,96
Spark Support 3,O03,2024,Law,48
Spark Support 3,O03,2024,Total,377
Open Path 4,O04,2017,Environment,60
Open Path 4,O04,2017,Health,67
Open Path 4,O04,2017,Education,28
Open Path 4,O04,2017,Law,71
Open Path 4,O04,2017,Community,91
Open Path 4,O04,2017,Total,348
Open Path 4,O04,2018,Environment,59
Open Path 4,O04,2018,Health,66
Open Path 4,O04,2018,Education,29
Open Path 4,O04,2018,Law,73
Open Path 4,O04,2018,Community,89
Open Path 4,O04,2018,Total,338
Open Path 4,O04,2019,Environment,58
Open Path 4,O04,2019,Health,64
Open Path 4,O04,2019,Education,27
Open Path 4,O04,2019,Law,69
Open Path 4,O04,2019,Community,88
Open Path 4,O04,2019,Total,314
Open Path 4,O04,2020,Environment,138
Open Path 4,O04,2020,Health,43
Open Path 4,O04,2020,Education,114
Open Path 4,O04,2020,Law,31
Open Path 4,O04,2020,Community,122
Open Path 4,O04,2020,Total,453
Open Path 4,O04,2021,Community,34
Open Path 4,O04,2021,Law,47
Open Path 4,O04,2021,Total,288
Open Path 4,O04,2021,Health,39
Open Path 4,O04,2021,Environment,71
Open Path 4,O04,2021,Education,127
Open Path 4,O04,2022,Environment,76
Open Path 4,O04,2022,Health,20
Open Path 4,O04,2022,Education,23
Open Path 4,O04,2022,Law,59
Open Path 4,O04,2022,Community,134
Open Path 4,O04,2022,Total,311
Open Path 4,O04,2023,Total,277
Open Path 4,O04,2023,Community,60
Open Path 4,O04,2023,Law,36
Open Path 4,O04,2023,Health,26
Open Path 4,O04,2023,Environment,36
Open Path 4,O04,2023,Education,127
Open Path 4,O04,2024,Community,45
Open Path 4,O04,2024,Environment,67
Open Path 4,O04,2024,Health,49
Open Path 4,O04,2024,Education,81
Open Path 4,O04,2024,Law,74
Open Path 4,O04,2024,Total,329
Clear Roots 5,O05,2015,Environment,67
Clear Roots 5,O05,2015,Health,101
Clear Roots 5,O05,2015,Education,123
Clear Roots 5,O05,2015,Law,68
Clear Roots 5,O05,2015,Community,127
Clear Roots 5,O05,2015,Total,509
Clear Roots 5,O05,2016,Environment,68
Clear Roots 5,O05,2016,Health,105
Clear Roots 5,O05,2016,Education,113
Clear Roots 5,O05,2016,Law,71
Clear Roots 5,O05,2016,Community,137
Clear Roots 5,O05,2016,Total,472
Clear Roots 5,O05,2017,Environment,67
Clear Roots 5,O05,2017,Health,102
Clear Roots 5,O05,2017,Education,111
Clear Roots 5,O05,2017,Law,70
Clear Roots 5,O05,2017,Community,123
Clear Roots 5,O05,2017,Total,503
Clear Roots 5,O05,2018,Environment,69
Clear Roots 5,O05,2018,Health,104
Clear Roots 5,O05,2018,Education,117
Clear Roots 5,O05,2018,Law,73
Clear Roots 5,O05,2018,Community,135
Clear Roots 5,O05,2018,Total,475
Clear Roots 5,O05,2019,Environment,66
Clear Roots 5,O05,2019,Health,101
Clear Roots 5,O05,2019,Education,112
Clear Roots 5,O05,2019,Law,70
Clear Roots 5,O05,2019,Community,136
Clear Roots 5,O05,2019,Total,473
Clear Roots 5,O05,2020,Environment,92
Clear Roots 5,O05,2020,Health,28
Clear Roots 5,O05,2020,Education,39
Clear Roots 5,O05,2020,Law,51
Clear Roots 5,O05,2020,Community,47
Clear Roots 5,O05,2020,Total,282
Clear Roots 5,O05,2021,Community,52
Clear Roots 5,O05,2021,Law,35
Clear Roots 5,O05,2021,Total,334
Clear Roots 5,O05,2021,Health,37
Clear Roots 5,O05,2021,Environment,106
Clear Roots 5,O05,2021,Education,92
Clear Roots 5,O05,2022,Environment,72
Clear Roots 5,O05,2022,Health,124
Clear Roots 5,O05,2022,Education,88
Clear Roots 5,O05,2022,Law,79
Clear Roots 5,O05,2022,Community,87
Clear Roots 5,O05,2022,Total,444
Clear Roots 5,O05,2023,Total,359
Clear Roots 5,O05,2023,Community,87
Clear Roots 5,O05,2023,Law,65
Clear Roots 5,O05,2023,Health,47
Clear Roots 5,O05,2023,Environment,96
Clear Roots 5,O05,2023,Education,90
Clear Roots 5,O05,2024,Community,57
Clear Roots 5,O05,2024,Environment,64
Clear Roots 5,O05,2024,Health,31
Clear Roots 5,O05,2024,Education,36
Clear Roots 5,O05,2024,Law,58
Clear Roots 5,O05,2024,Total,268
Care Minds 6,O06,2013,Environment,49
Care Minds 6,O06,2013,Health,68
Care Minds 6,O06,2013,Education,120
Care Minds 6,O06,2013,Law,26
Care Minds 6,O06,2013,Community,71
Care Minds 6,O06,2013,Total,336
Care Minds 6,O06,2014,Environment,49
Care Minds 6,O06,2014,Health,71
Care Minds 6,O06,2014,Education,115
Care Minds 6,O06,2014,Law,24
Care Minds 6,O06,2014,Community,69
Care Minds 6,O06,2014,Total,299
Care Minds 6,O06,2015,Environment,52
Care Minds 6,O06,2015,Health,78
Care Minds 6,O06,2015,Education,114
Care Minds 6,O06,2015,Law,24
Care Minds 6,O06,2015,Community,80
Care Minds 6,O06,2015,Total,324
Care Minds 6,O06,2016,Environment,47
Care Minds 6,O06,2016,Health,72
Care Minds 6,O06,2016,Education,113
Care Minds 6,O06,2016,Law,27
Care Minds 6,O06,2016,Community,74
Care Minds 6,O06,2016,Total,331
Care Minds 6,O06,2017,Environment,49
Care Minds 6,O06,2017,Health,70
Care Minds 6,O06,2017,Education,113
Care Minds 6,O06,2017,Law,26
Care Minds 6,O06,2017,Community,75
Care Minds 6,O06,2017,Total,344
Care Minds 6,O06,2018,Environment,46
Care Minds 6,O06,2018,Health,73
Care Minds 6,O06,2018,Education,114
Care Minds 6,O06,2018,Law,24
Care Minds 6,O06,2018,Community,71
Care Minds 6,O06,2018,Total,344
Care Minds 6,O06,2019,Environment,46
Care Minds 6,O06,2019,Health,69
Care Minds 6,O06,2019,Education,107
Care Minds 6,O06,2019,Law,25
Care Minds 6,O06,2019,Community,70
Care Minds 6,O06,2019,Total,324
Care Minds 6,O06,2020,Environment,106
Care Minds 6,O06,2020,Health,117
Care Minds 6,O06,2020,Education,138
Care Minds 6,O06,2020,Law,20
Care Minds 6,O06,2020,Community,33
Care Minds 6,O06,2020,Total,408
Care Minds 6,O06,2021,Community,37
Care Minds 6,O06,2021,Law,51
Care Minds 6,O06,2021,Total,284
Care Minds 6,O06,2021,Health,23
Care Minds 6,O06,2021,Environment,137
Care Minds 6,O06,2021,Education,56
Care Minds 6,O06,2022,Environment,51
Care Minds 6,O06,2022,Health,74
Care Minds 6,O06,2022,Education,93
Care Minds 6,O06,2022,Law,26
Care Minds 6,O06,2022,Community,33
Care Minds 6,O06,2022,Total,263
Care Minds 6,O06,2023,Total,407
Care Minds 6,O06,2023,Community,62
Care Minds 6,O06,2023,Law,74
Care Minds 6,O06,2023,Health,87
Care Minds 6,O06,2023,Environment,89
Care Minds 6,O06,2023,Education,74
Care Minds 6,O06,2024,Community,72
Care Minds 6,O06,2024,Environment,65
Care Minds 6,O06,2024,Health,119
Care Minds 6,O06,2024,Education,126
Care Minds 6,O06,2024,Law,38
Care Minds 6,O06,2024,Total,438
East Path 7,O07,2019,Environment,80
East Path 7,O07,2019,Health,120
East Path 7,O07,2019,Education,114
East Path 7,O07,2019,Law,73
East Path 7,O07,2019,Community,78
East Path 7,O07,2019,Total,478
East Path 7,O07,2020,Environment,28
East Path 7,O07,2020,Health,61
East Path 7,O07,2020,Education,129
East Path 7,O07,2020,Law,35
East Path 7,O07,2020,Community,99
East Path 7,O07,2020,Total,361
East Path 7,O07,2021,Community,72
East Path 7,O07,2021,Law,62
East Path 7,O07,2021,Total,409
East Path 7,O07,2021,Health,110
East Path 7,O07,2021,Environment,50
East Path 7,O07,2021,Education,124
East Path 7,O07,2022,Environment,82
East Path 7,O07,2022,Health,93
East Path 7,O07,2022,Education,106
East Path 7,O07,2022,Law,78
East Path 7,O07,2022,Community,68
East Path 7,O07,2022,Total,433
East Path 7,O07,2023,Total,386
East Path 7,O07,2023,Community,116
East Path 7,O07,2023,Law,63
East Path 7,O07,2023,Health,96
East Path 7,O07,2023,Environment,29
East Path 7,O07,2023,Education,76
East Path 7,O07,2024,Community,117
East Path 7,O07,2024,Environment,89
East Path 7,O07,2024,Health,63
East Path 7,O07,2024,Education,118
East Path 7,O07,2024,Law,58
East Path 7,O07,2024,Total,434
Spark Scholars 8,O08,2018,Environment,21
Spark Scholars 8,O08,2018,Health,48
Spark Scholars 8,O08,2018,Education,107
Spark Scholars 8,O08,2018,Law,20
Spark Scholars 8,O08,2018,Community,54
Spark Scholars 8,O08,2018,Total,246
Spark Scholars 8,O08,2019,Environment,21
Spark Scholars 8,O08,2019,Health,43
Spark Scholars 8,O08,2019,Education,101
Spark Scholars 8,O08,2019,Law,19
Spark Scholars 8,O08,2019,Community,51
Spark Scholars 8,O08,2019,Total,216
Spark Scholars 8,O08,2020,Environment,85
Spark Scholars 8,O08,2020,Health,24
Spark Scholars 8,O08,2020,Education,115
Spark Scholars 8,O08,2020,Law,69
Spark Scholars 8,O08,2020,Community,115
Spark Scholars 8,O08,2020,Total,396
Spark Scholars 8,O08,2021,Community,65
Spark Scholars 8,O08,2021,Law,68
Spark Scholars 8,O08,2021,Total,365
Spark Scholars 8,O08,2021,Health,100
Spark Scholars 8,O08,2021,Environment,32
Spark Scholars 8,O08,2021,Education,112
Spark Scholars 8,O08,2022,Environment,44
Spark Scholars 8,O08,2022,Health,131
Spark Scholars 8,O08,2022,Education,75
Spark Scholars 8,O08,2022,Law,29
Spark Scholars 8,O08,2022,Community,56
Spark Scholars 8,O08,2022,Total,363
Spark Scholars 8,O08,2023,Total,283
Spark Scholars 8,O08,2023,Community,94
Spark Scholars 8,O08,2023,Law,24
Spark Scholars 8,O08,2023,Health,25
Spark Scholars 8,O08,2023,Environment,50
Spark Scholars 8,O08,2023,Education,95
Spark Scholars 8,O08,2024,Community,66
Spark Scholars 8,O08,2024,Environment,90
Spark Scholars 8,O08,2024,Health,57
Spark Scholars 8,O08,2024,Education,107
Spark Scholars 8,O08,2024,Law,12
Spark Scholars 8,O08,2024,Total,319
Kind Action 9,O09,2013,Environment,32
Kind Action 9,O09,2013,Health,68
Kind Action 9,O09,2013,Education,24
Kind Action 9,O09,2013,Law,28
Kind Action 9,O09,2013,Community,43
Kind Action 9,O09,2013,Total,182
Kind Action 9,O09,2014,Environment,32
Kind Action 9,O09,2014,Health,67
Kind Action 9,O09,2014,Education,23
Kind Action 9,O09,2014,Law,28
Kind Action 9,O09,2014,Community,43
Kind Action 9,O09,2014,Total,178
Kind Action 9,O09,2015,Environment,33
Kind Action 9,O09,2015,Health,75
Kind Action 9,O09,2015,Education,24
Kind Action 9,O09,2015,Law,30
Kind Action 9,O09,2015,Community,40
Kind Action 9,O09,2015,Total,175
Kind Action 9,O09,2016,Environment,29
Kind Action 9,O09,2016,Health,75
Kind Action 9,O09,2016,Education,24
Kind Action 9,O09,2016,Law,28
Kind Action 9,O09,2016,Community,42
Kind Action 9,O09,2016,Total,176
Kind Action 9,O09,2017,Environment,36
Kind Action 9,O09,2017,Health,70
Kind Action 9,O09,2017,Education,24
Kind Action 9,O09,2017,Law,29
Kind Action 9,O09,2017,Community,42
Kind Action 9,O09,2017,Total,188
Kind Action 9,O09,2018,Environment,31
Kind Action 9,O09,2018,Health,72
Kind Action 9,O09,2018,Education,26
Kind Action 9,O09,2018,Law,30
Kind Action 9,O09,2018,Community,44
Kind Action 9,O09,2018,Total,182
Kind Action 9,O09,2019,Environment,31
Kind Action 9,O09,2019,Health,68
Kind Action 9,O09,2019,Education,23
Kind Action 9,O09,2019,Law,27
Kind Action 9,O09,2019,Community,40
Kind Action 9,O09,2019,Total,181
Kind Action 9,O09,2020,Environment,98
Kind Action 9,O09,2020,Health,106
Kind Action 9,O09,2020,Education,108
Kind Action 9,O09,2020,Law,23
Kind Action 9,O09,2020,Community,72
Kind Action 9,O09,2020,Total,379
Kind Action 9,O09,2021,Community,58
Kind Action 9,O09,2021,Law,79
Kind Action 9,O09,2021,Total,291
Kind Action 9,O09,2021,Health,34
Kind Action 9,O09,2021,Environment,42
Kind Action 9,O09,2021,Education,56
Kind Action 9,O09,2022,Environment,80
Kind Action 9,O09,2022,Health,27
Kind Action 9,O09,2022,Education,94
Kind Action 9,O09,2022,Law,26
Kind Action 9,O09,2022,Community,47
Kind Action 9,O09,2022,Total,286
Kind Action 9,O09,2023,Total,382
Kind Action 9,O09,2023,Community,93
Kind Action 9,O09,2023,Law,78
Kind Action 9,O09,2023,Health,106
Kind Action 9,O09,2023,Environment,82
Kind Action 9,O09,2023,Education,36
Kind Action 9,O09,2024,Community,127
Kind Action 9,O09,2024,Environment,78
Kind Action 9,O09,2024,Health,71
Kind Action 9,O09,2024,Education,106
Kind Action 9,O09,2024,Law,30
Kind Action 9,O09,2024,Total,393
Echo Minds 10,O10,2017,Environment,86
Echo Minds 10,O10,2017,Health,72
Echo Minds 10,O10,2017,Education,59
Echo Minds 10,O10,2017,Law,33
Echo Minds 10,O10,2017,Community,28
Echo Minds 10,O10,2017,Total,322
Echo Minds 10,O10,2018,Environment,83
Echo Minds 10,O10,2018,Health,72
Echo Minds 10,O10,2018,Education,55
Echo Minds 10,O10,2018,Law,36
Echo Minds 10,O10,2018,Community,28
Echo Minds 10,O10,2018,Total,318
Echo Minds 10,O10,2019,Environment,85
Echo Minds 10,O10,2019,Health,72
Echo Minds 10,O10,2019,Education,58
Echo Minds 10,O10,2019,Law,33
Echo Minds 10,O10,2019,Community,28
Echo Minds 10,O10,2019,Total,299
Echo Minds 10,O10,2020,Environment,44
Echo Minds 10,O10,2020,Health,92
Echo Minds 10,O10,2020,Education,43
Echo Minds 10,O10,2020,Law,24
Echo Minds 10,O10,2020,Community,42
Echo Minds 10,O10,2020,Total,232
Echo Minds 10,O10,2021,Community,66
Echo Minds 10,O10,2021,Law,20
Echo Minds 10,O10,2021,Total,361
Echo Minds 10,O10,2021,Health,28
Echo Minds 10,O10,2021,Environment,113
Echo Minds 10,O10,2021,Education,138
Echo Minds 10,O10,2022,Environment,31
Echo Minds 10,O10,2022,Health,48
Echo Minds 10,O10,2022,Education,73
Echo Minds 10,O10,2022,Law,48
Echo Minds 10,O10,2022,Community,29
Echo Minds 10,O10,2022,Total,236
Echo Minds 10,O10,2023,Total,486
Echo Minds 10,O10,2023,Community,104
Echo Minds 10,O10,2023,Law,15
Echo Minds 10,O10,2023,Health,104
Echo Minds 10,O10,2023,Environment,119
Echo Minds 10,O10,2023,Education,126
Echo Minds 10,O10,2024,Community,42
Echo Minds 10,O10,2024,Environment,124
Echo Minds 10,O10,2024,Health,116
Echo Minds 10,O10,2024,Education,30
Echo Minds 10,O10,2024,Law,46
Echo Minds 10,O10,2024,Total,357
Prime Aid 11,O11,2018,Environment,109
Prime Aid 11,O11,2018,Health,80
Prime Aid 11,O11,2018,Education,135
Prime Aid 11,O11,2018,Law,25
Prime Aid 11,O11,2018,Community,119
Prime Aid 11,O11,2018,Total,455
Prime Aid 11,O11,2019,Environment,102
Prime Aid 11,O11,2019,Health,88
Prime Aid 11,O11,2019,Education,133
Prime Aid 11,O11,2019,Law,24
Prime Aid 11,O11,2019,Community,109
Prime Aid 11,O11,2019,Total,460
Prime Aid 11,O11,2020,Environment,83
Prime Aid 11,O11,2020,Health,77
Prime Aid 11,O11,2020,Education,64
Prime Aid 11,O11,2020,Law,25
Prime Aid 11,O11,2020,Community,73
Prime Aid 11,O11,2020,Total,307
Prime Aid 11,O11,2021,Community,111
Prime Aid 11,O11,2021,Law,63
Prime Aid 11,O11,2021,Total,394
Prime Aid 11,O11,2021,Health,54
Prime Aid 11,O11,2021,Environment,130
Prime Aid 11,O11,2021,Education,33
Prime Aid 11,O11,2022,Environment,124
Prime Aid 11,O11,2022,Health,63
Prime Aid 11,O11,2022,Education,100
Prime Aid 11,O11,2022,Law,52
Prime Aid 11,O11,2022,Community,42
Prime Aid 11,O11,2022,Total,358
Prime Aid 11,O11,2023,Total,332
Prime Aid 11,O11,2023,Community,66
Prime Aid 11,O11,2023,Law,61
Prime Aid 11,O11,2023,Health,102
Prime Aid 11,O11,2023,Environment,20
Prime Aid 11,O11,2023,Education,87
Prime Aid 11,O11,2024,Community,67
Prime Aid 11,O11,2024,Environment,96
Prime Aid 11,O11,2024,Health,37
Prime Aid 11,O11,2024,Education,88
Prime Aid 11,O11,2024,Law,53
Prime Aid 11,O11,2024,Total,328
South Action 12,O12,2019,Environment,40
South Action 12,O12,2019,Health,84
South Action 12,O12,2019,Education,40
South Action 12,O12,2019,Law,36
South Action 12,O12,2019,Community,51
South Action 12,O12,2019,Total,277
South Action 12,O12,2020,Environment,138
South Action 12,O12,2020,Health,39
South Action 12,O12,2020,Education,65
South Action 12,O12,2020,Law,74
South Action 12,O12,2020,Community,39
South Action 12,O12,2020,Total,354
South Action 12,O12,2021,Community,101
South Action 12,O12,2021,Law,25
South Action 12,O12,2021,Total,342
South Action 12,O12,2021,Health,37
South Action 12,O12,2021,Environment,87
South Action 12,O12,2021,Education,90
South Action 12,O12,2022,Environment,111
South Action 12,O12,2022,Health,139
South Action 12,O12,2022,Education,55
South Action 12,O12,2022,Law,27
South Action 12,O12,2022,Community,46
South Action 12,O12,2022,Total,370
South Action 12,O12,2023,Total,335
South Action 12,O12,2023,Community,89
South Action 12,O12,2023,Law,52
South Action 12,O12,2023,Health,30
South Action 12,O12,2023,Environment,117
South Action 12,O12,2023,Education,56
South Action 12,O12,2024,Community,51
South Action 12,O12,2024,Environment,117
South Action 12,O12,2024,Health,52
South Action 12,O12,2024,Education,127
South Action 12,O12,2024,Law,20
South Action 12,O12,2024,Total,346
East Roots 13,O13,2017,Environment,27
East Roots 13,O13,2017,Health,108
East Roots 13,O13,2017,Education,47
East Roots 13,O13,2017,Law,24
East Roots 13,O13,2017,Community,86
East Roots 13,O13,2017,Total,314
East Roots 13,O13,2018,Environment,26
East Roots 13,O13,2018,Health,104
East Roots 13,O13,2018,Education,48
East Roots 13,O13,2018,Law,21
East Roots 13,O13,2018,Community,95
East Roots 13,O13,2018,Total,302
East Roots 13,O13,2019,Environment,25
East Roots 13,O13,2019,Health,103
East Roots 13,O13,2019,Education,46
East Roots 13,O13,2019,Law,22
East Roots 13,O13,2019,Community,88
East Roots 13,O13,2019,Total,296
East Roots 13,O13,2020,Environment,21
East Roots 13,O13,2020,Health,110
East Roots 13,O13,2020,Education,122
East Roots 13,O13,2020,Law,60
East Roots 13,O13,2020,Community,129
East Roots 13,O13,2020,Total,413
East Roots 13,O13,2021,Community,118
East Roots 13,O13,2021,Law,63
East Roots 13,O13,2021,Total,474
East Roots 13,O13,2021,Health,106
East Roots 13,O13,2021,Environment,100
East Roots 13,O13,2021,Education,94
East Roots 13,O13,2022,Environment,65
East Roots 13,O13,2022,Health,99
East Roots 13,O13,2022,Education,90
East Roots 13,O13,2022,Law,20
East Roots 13,O13,2022,Community,79
East Roots 13,O13,2022,Total,358
East Roots 13,O13,2023,Total,325
East Roots 13,O13,2023,Community,46
East Roots 13,O13,2023,Law,53
East Roots 13,O13,2023,Health,27
East Roots 13,O13,2023,Environment,138
East Roots 13,O13,2023,Education,46
East Roots 13,O13,2024,Community,65
East Roots 13,O13,2024,Environment,90
East Roots 13,O13,2024,Health,66
East Roots 13,O13,2024,Education,133
East Roots 13,O13,2024,Law,12
East Roots 13,O13,2024,Total,341
Bridge Earth 14,O14,2014,Environment,75
Bridge Earth 14,O14,2014,Health,37
Bridge Earth 14,O14,2014,Education,92
Bridge Earth 14,O14,2014,Law,11
Bridge Earth 14,O14,2014,Community,92
Bridge Earth 14,O14,2014,Total,275
Bridge Earth 14,O14,2015,Environment,85
Bridge Earth 14,O14,2015,Health,34
Bridge Earth 14,O14,2015,Education,79
Bridge Earth 14,O14,2015,Law,12
Bridge Earth 14,O14,2015,Community,93
Bridge Earth 14,O14,2015,Total,295
Bridge Earth 14,O14,2016,Environment,79
Bridge Earth 14,O14,2016,Health,41
Bridge Earth 14,O14,2016,Education,96
Bridge Earth 14,O14,2016,Law,13
Bridge Earth 14,O14,2016,Community,86
Bridge Earth 14,O14,2016,Total,290
Bridge Earth 14,O14,2017,Environment,75
Bridge Earth 14,O14,2017,Health,38
Bridge Earth 14,O14,2017,Education,80
Bridge Earth 14,O14,2017,Law,13
Bridge Earth 14,O14,2017,Community,97
Bridge Earth 14,O14,2017,Total,306
Bridge Earth 14,O14,2018,Environment,79
Bridge Earth 14,O14,2018,Health,39
Bridge Earth 14,O14,2018,Education,93
Bridge Earth 14,O14,2018,Law,13
Bridge Earth 14,O14,2018,Community,84
Bridge Earth 14,O14,2018,Total,303
Bridge Earth 14,O14,2019,Environment,78
Bridge Earth 14,O14,2019,Health,37
Bridge Earth 14,O14,2019,Education,84
Bridge Earth 14,O14,2019,Law,12
Bridge Earth 14,O14,2019,Community,86
Bridge Earth 14,O14,2019,Total,287
Bridge Earth 14,O14,2020,Environment,21
Bridge Earth 14,O14,2020,Health,122
Bridge Earth 14,O14,2020,Education,92
Bridge Earth 14,O14,2020,Law,20
Bridge Earth 14,O14,2020,Community,59
Bridge Earth 14,O14,2020,Total,294
Bridge Earth 14,O14,2021,Community,60
Bridge Earth 14,O14,2021,Law,10
Bridge Earth 14,O14,2021,Total,332
Bridge Earth 14,O14,2021,Health,125
Bridge Earth 14,O14,2021,Environment,33
Bridge Earth 14,O14,2021,Education,114
Bridge Earth 14,O14,2022,Environment,101
Bridge Earth 14,O14,2022,Health,38
Bridge Earth 14,O14,2022,Education,131
Bridge Earth 14,O14,2022,Law,65
Bridge Earth 14,O14,2022,Community,63
Bridge Earth 14,O14,2022,Total,409
Bridge Earth 14,O14,2023,Total,308
Bridge Earth 14,O14,2023,Community,64
Bridge Earth 14,O14,2023,Law,73
Bridge Earth 14,O14,2023,Health,24
Bridge Earth 14,O14,2023,Environment,91
Bridge Earth 14,O14,2023,Education,76
Bridge Earth 14,O14,2024,Community,81
Bridge Earth 14,O14,2024,Environment,102
Bridge Earth 14,O14,2024,Health,20
Bridge Earth 14,O14,2024,Education,20
Bridge Earth 14,O14,2024,Law,28
Bridge Earth 14,O14,2024,Total,232
Bridge Access 15,O15,2018,Environment,119
Bridge Access 15,O15,2018,Health,43
Bridge Access 15,O15,2018,Education,129
Bridge Access 15,O15,2018,Law,23
Bridge Access 15,O15,2018,Community,109
Bridge Access 15,O15,2018,Total,422
Bridge Access 15,O15,2019,Environment,116
Bridge Access 15,O15,2019,Health,45
Bridge Access 15,O15,2019,Education,123
Bridge Access 15,O15,2019,Law,22
Bridge Access 15,O15,2019,Community,104
Bridge Access 15,O15,2019,Total,437
Bridge Access 15,O15,2020,Environment,131
Bridge Access 15,O15,2020,Health,20
Bridge Access 15,O15,2020,Education,67
Bridge Access 15,O15,2020,Law,59
Bridge Access 15,O15,2020,Community,115
Bridge Access 15,O15,2020,Total,404
Bridge Access 15,O15,2021,Community,45
Bridge Access 15,O15,2021,Law,46
Bridge Access 15,O15,2021,Total,347
Bridge Access 15,O15,2021,Health,131
Bridge Access 15,O15,2021,Environment,36
Bridge Access 15,O15,2021,Education,108
Bridge Access 15,O15,2022,Environment,59
Bridge Access 15,O15,2022,Health,32
Bridge Access 15,O15,2022,Education,103
Bridge Access 15,O15,2022,Law,56
Bridge Access 15,O15,2022,Community,60
Bridge Access 15,O15,2022,Total,309
Bridge Access 15,O15,2023,Total,370
Bridge Access 15,O15,2023,Community,51
Bridge Access 15,O15,2023,Law,72
Bridge Access 15,O15,2023,Health,129
Bridge Access 15,O15,2023,Environment,68
Bridge Access 15,O15,2023,Education,48
Bridge Access 15,O15,2024,Community,114
Bridge Access 15,O15,2024,Environment,25
Bridge Access 15,O15,2024,Health,135
Bridge Access 15,O15,2024,Education,98
Bridge Access 15,O15,2024,Law,13
Bridge Access 15,O15,2024,Total,405
Green Partners 16,O16,2019,Environment,34
Green Partners 16,O16,2019,Health,116
Green Partners 16,O16,2019,Education,66
Green Partners 16,O16,2019,Law,27
Green Partners 16,O16,2019,Community,58
Green Partners 16,O16,2019,Total,280
Green Partners 16,O16,2020,Environment,22
Green Partners 16,O16,2020,Health,117
Green Partners 16,O16,2020,Education,44
Green Partners 16,O16,2020,Law,62
Green Partners 16,O16,2020,Community,67
Green Partners 16,O16,2020,Total,340
Green Partners 16,O16,2021,Community,119
Green Partners 16,O16,2021,Law,36
Green Partners 16,O16,2021,Total,315
Green Partners 16,O16,2021,Health,34
Green Partners 16,O16,2021,Environment,104
Green Partners 16,O16,2021,Education,23
Green Partners 16,O16,2022,Environment,30
Green Partners 16,O16,2022,Health,127
Green Partners 16,O16,2022,Education,44
Green Partners 16,O16,2022,Law,67
Green Partners 16,O16,2022,Community,49
Green Partners 16,O16,2022,Total,321
Green Partners 16,O16,2023,Total,328
Green Partners 16,O16,2023,Community,44
Green Partners 16,O16,2023,Law,53
Green Partners 16,O16,2023,Health,113
Green Partners 16,O16,2023,Environment,111
Green Partners 16,O16,2023,Education,32
Green Partners 16,O16,2024,Community,39
Green Partners 16,O16,2024,Environment,115
Green Partners 16,O16,2024,Health,93
Green Partners 16,O16,2024,Education,118
Green Partners 16,O16,2024,Law,60
Green Partners 16,O16,2024,Total,410
North Trust 17,O17,2017,Environment,72
North Trust 17,O17,2017,Health,95
North Trust 17,O17,2017,Education,135
North Trust 17,O17,2017,Law,83
North Trust 17,O17,2017,Community,60
North Trust 17,O17,2017,Total,478
North Trust 17,O17,2018,Environment,79
North Trust 17,O17,2018,Health,84
North Trust 17,O17,2018,Education,138
North Trust 17,O17,2018,Law,82
North Trust 17,O17,2018,Community,63
North Trust 17,O17,2018,Total,481
North Trust 17,O17,2019,Environment,75
North Trust 17,O17,2019,Health,90
North Trust 17,O17,2019,Education,138
North Trust 17,O17,2019,Law,76
North Trust 17,O17,2019,Community,59
North Trust 17,O17,2019,Total,461
North Trust 17,O17,2020,Environment,111
North Trust 17,O17,2020,Health,51
North Trust 17,O17,2020,Education,129
North Trust 17,O17,2020,Law,49
North Trust 17,O17,2020,Community,23
North Trust 17,O17,2020,Total,371
North Trust 17,O17,2021,Community,113
North Trust 17,O17,2021,Law,78
North Trust 17,O17,2021,Total,407
North Trust 17,O17,2021,Health,64
North Trust 17,O17,2021,Environment,34
North Trust 17,O17,2021,Education,102
North Trust 17,O17,2022,Environment,127
North Trust 17,O17,2022,Health,23
North Trust 17,O17,2022,Education,66
North Trust 17,O17,2022,Law,40
North Trust 17,O17,2022,Community,111
North Trust 17,O17,2022,Total,387
North Trust 17,O17,2023,Total,381
North Trust 17,O17,2023,Community,62
North Trust 17,O17,2023,Law,72
North Trust 17,O17,2023,Health,130
North Trust 17,O17,2023,Environment,42
North Trust 17,O17,2023,Education,48
North Trust 17,O17,2024,Community,106
North Trust 17,O17,2024,Environment,69
North Trust 17,O17,2024,Health,43
North Trust 17,O17,2024,Education,29
North Trust 17,O17,2024,Law,39
North Trust 17,O17,2024,Total,294
Echo Network 18,O18,2019,Environment,79
Echo Network 18,O18,2019,Health,104
Echo Network 18,O18,2019,Education,76
Echo Network 18,O18,2019,Law,10
Echo Network 18,O18,2019,Community,123
Echo Network 18,O18,2019,Total,371
Echo Network 18,O18,2020,Environment,48
Echo Network 18,O18,2020,Health,50
Echo Network 18,O18,2020,Education,113
Echo Network 18,O18,2020,Law,52
Echo Network 18,O18,2020,Community,69
Echo Network 18,O18,2020,Total,323
Echo Network 18,O18,2021,Community,135
Echo Network 18,O18,2021,Law,73
Echo Network 18,O18,2021,Total,423
Echo Network 18,O18,2021,Health,44
Echo Network 18,O18,2021,Environment,133
Echo Network 18,O18,2021,Education,44
Echo Network 18,O18,2022,Environment,118
Echo Network 18,O18,2022,Health,69
Echo Network 18,O18,2022,Education,118
Echo Network 18,O18,2022,Law,44
Echo Network 18,O18,2022,Community,66
Echo Network 18,O18,2022,Total,428
Echo Network 18,O18,2023,Total,388
Echo Network 18,O18,2023,Community,122
Echo Network 18,O18,2023,Law,20
Echo Network 18,O18,2023,Health,73
Echo Network 18,O18,2023,Environment,100
Echo Network 18,O18,2023,Education,92
Echo Network 18,O18,2024,Community,88
Echo Network 18,O18,2024,Environment,43
Echo Network 18,O18,2024,Health,46
Echo Network 18,O18,2024,Education,41
Echo Network 18,O18,2024,Law,15
Echo Network 18,O18,2024,Total,234
Kind Roots 19,O19,2018,Environment,92
Kind Roots 19,O19,2018,Health,82
Kind Roots 19,O19,2018,Education,69
Kind Roots 19,O19,2018,Law,19
Kind Roots 19,O19,2018,Community,51
Kind Roots 19,O19,2018,Total,296
Kind Roots 19,O19,2019,Environment,80
Kind Roots 19,O19,2019,Health,76
Kind Roots 19,O19,2019,Education,70
Kind Roots 19,O19,2019,Law,18
Kind Roots 19,O19,2019,Community,50
Kind Roots 19,O19,2019,Total,279
Kind Roots 19,O19,2020,Environment,56
Kind Roots 19,O19,2020,Health,102
Kind Roots 19,O19,2020,Education,43
Kind Roots 19,O19,2020,Law,21
Kind Roots 19,O19,2020,Community,124
Kind Roots 19,O19,2020,Total,326
Kind Roots 19,O19,2021,Community,34
Kind Roots 19,O19,2021,Law,43
Kind Roots 19,O19,2021,Total,381
Kind Roots 19,O19,2021,Health,108
Kind Roots 19,O19,2021,Environment,128
Kind Roots 19,O19,2021,Education,42
Kind Roots 19,O19,2022,Environment,135
Kind Roots 19,O19,2022,Health,62
Kind Roots 19,O19,2022,Education,131
Kind Roots 19,O19,2022,Law,12
Kind Roots 19,O19,2022,Community,97
Kind Roots 19,O19,2022,Total,426
Kind Roots 19,O19,2023,Total,379
Kind Roots 19,O19,2023,Community,63
Kind Roots 19,O19,2023,Law,35
Kind Roots 19,O19,2023,Health,76
Kind Roots 19,O19,2023,Environment,131
Kind Roots 19,O19,2023,Education,68
Kind Roots 19,O19,2024,Community,70
Kind Roots 19,O19,2024,Environment,87
Kind Roots 19,O19,2024,Health,123
Kind Roots 19,O19,2024,Education,78
Kind Roots 19,O19,2024,Law,61
Kind Roots 19,O19,2024,Total,434
Unity Action 20,O20,2018,Environment,75
Unity Action 20,O20,2018,Health,120
Unity Action 20,O20,2018,Education,141
Unity Action 20,O20,2018,Law,69
Unity Action 20,O20,2018,Community,41
Unity Action 20,O20,2018,Total,445
Unity Action 20,O20,2019,Environment,73
Unity Action 20,O20,2019,Health,118
Unity Action 20,O20,2019,Education,136
Unity Action 20,O20,2019,Law,66
Unity Action 20,O20,2019,Community,42
Unity Action 20,O20,2019,Total,451
Unity Action 20,O20,2020,Environment,108
Unity Action 20,O20,2020,Health,55
Unity Action 20,O20,2020,Education,96
Unity Action 20,O20,2020,Law,60
Unity Action 20,O20,2020,Community,111
Unity Action 20,O20,2020,Total,448
Unity Action 20,O20,2021,Community,38
Unity Action 20,O20,2021,Law,76
Unity Action 20,O20,2021,Total,396
Unity Action 20,O20,2021,Health,70
Unity Action 20,O20,2021,Environment,93
Unity Action 20,O20,2021,Education,96
Unity Action 20,O20,2022,Environment,101
Unity Action 20,O20,2022,Health,126
Unity Action 20,O20,2022,Education,133
Unity Action 20,O20,2022,Law,47
Unity Action 20,O20,2022,Community,129
Unity Action 20,O20,2022,Total,564
Unity Action 20,O20,2023,Total,163
Unity Action 20,O20,2023,Community,74
Unity Action 20,O20,2023,Law,21
Unity Action 20,O20,2023,Health,32
Unity Action 20,O20,2023,Environment,39
Unity Action 20,O20,2023,Education,21
Unity Action 20,O20,2024,Community,83
Unity Action 20,O20,2024,Environment,69
Unity Action 20,O20,2024,Health,21
Unity Action 20,O20,2024,Education,104
Unity Action 20,O20,2024,Law,47
Unity Action 20,O20,2024,Total,347
Blue Trust 21,O21,2015,Environment,135
Blue Trust 21,O21,2015,Health,28
Blue Trust 21,O21,2015,Education,129
Blue Trust 21,O21,2015,Law,37
Blue Trust 21,O21,2015,Community,117
Blue Trust 21,O21,2015,Total,396
Blue Trust 21,O21,2016,Environment,113
Blue Trust 21,O21,2016,Health,28
Blue Trust 21,O21,2016,Education,143
Blue Trust 21,O21,2016,Law,38
Blue Trust 21,O21,2016,Community,121
Blue Trust 21,O21,2016,Total,394
Blue Trust 21,O21,2017,Environment,119
Blue Trust 21,O21,2017,Health,29
Blue Trust 21,O21,2017,Education,137
Blue Trust 21,O21,2017,Law,38
Blue Trust 21,O21,2017,Community,118
Blue Trust 21,O21,2017,Total,426
Blue Trust 21,O21,2018,Environment,132
Blue Trust 21,O21,2018,Health,30
Blue Trust 21,O21,2018,Education,138
Blue Trust 21,O21,2018,Law,39
Blue Trust 21,O21,2018,Community,119
Blue Trust 21,O21,2018,Total,448
Blue Trust 21,O21,2019,Environment,126
Blue Trust 21,O21,2019,Health,28
Blue Trust 21,O21,2019,Education,131
Blue Trust 21,O21,2019,Law,36
Blue Trust 21,O21,2019,Community,110
Blue Trust 21,O21,2019,Total,405
Blue Trust 21,O21,2020,Environment,100
Blue Trust 21,O21,2020,Health,43
Blue Trust 21,O21,2020,Education,21
Blue Trust 21,O21,2020,Law,48
Blue Trust 21,O21,2020,Community,110
Blue Trust 21,O21,2020,Total,310
Blue Trust 21,O21,2021,Community,33
Blue Trust 21,O21,2021,Law,16
Blue Trust 21,O21,2021,Total,375
Blue Trust 21,O21,2021,Health,104
Blue Trust 21,O21,2021,Environment,130
Blue Trust 21,O21,2021,Education,70
Blue Trust 21,O21,2022,Environment,96
Blue Trust 21,O21,2022,Health,25
Blue Trust 21,O21,2022,Education,78
Blue Trust 21,O21,2022,Law,39
Blue Trust 21,O21,2022,Community,121
Blue Trust 21,O21,2022,Total,343
Blue Trust 21,O21,2023,Total,468
Blue Trust 21,O21,2023,Community,135
Blue Trust 21,O21,2023,Law,41
Blue Trust 21,O21,2023,Health,94
Blue Trust 21,O21,2023,Environment,107
Blue Trust 21,O21,2023,Education,110
Blue Trust 21,O21,2024,Community,74
Blue Trust 21,O21,2024,Environment,58
Blue Trust 21,O21,2024,Health,40
Blue Trust 21,O21,2024,Education,44
Blue Trust 21,O21,2024,Law,27
Blue Trust 21,O21,2024,Total,238
West Aid 22,O22,2015,Environment,107
West Aid 22,O22,2015,Health,61
West Aid 22,O22,2015,Education,121
West Aid 22,O22,2015,Law,59
West Aid 22,O22,2015,Community,32
West Aid 22,O22,2015,Total,404
West Aid 22,O22,2016,Environment,114
West Aid 22,O22,2016,Health,63
West Aid 22,O22,2016,Education,117
West Aid 22,O22,2016,Law,56
West Aid 22,O22,2016,Community,33
West Aid 22,O22,2016,Total,380
West Aid 22,O22,2017,Environment,101
West Aid 22,O22,2017,Health,62
West Aid 22,O22,2017,Education,120
West Aid 22,O22,2017,Law,58
West Aid 22,O22,2017,Community,35
West Aid 22,O22,2017,Total,387
West Aid 22,O22,2018,Environment,100
West Aid 22,O22,2018,Health,61
West Aid 22,O22,2018,Education,126
West Aid 22,O22,2018,Law,60
West Aid 22,O22,2018,Community,34
West Aid 22,O22,2018,Total,380
West Aid 22,O22,2019,Environment,103
West Aid 22,O22,2019,Health,60
West Aid 22,O22,2019,Education,118
West Aid 22,O22,2019,Law,56
West Aid 22,O22,2019,Community,32
West Aid 22,O22,2019,Total,380
West Aid 22,O22,2020,Environment,22
West Aid 22,O22,2020,Health,138
West Aid 22,O22,2020,Education,136
West Aid 22,O22,2020,Law,42
West Aid 22,O22,2020,Community,125
West Aid 22,O22,2020,Total,474
West Aid 22,O22,2021,Community,59
West Aid 22,O22,2021,Law,77
West Aid 22,O22,2021,Total,269
West Aid 22,O22,2021,Health,21
West Aid 22,O22,2021,Environment,63
West Aid 22,O22,2021,Education,41
West Aid 22,O22,2022,Environment,112
West Aid 22,O22,2022,Health,138
West Aid 22,O22,2022,Education,113
West Aid 22,O22,2022,Law,23
West Aid 22,O22,2022,Community,85
West Aid 22,O22,2022,Total,456
West Aid 22,O22,2023,Total,476
West Aid 22,O22,2023,Community,126
West Aid 22,O22,2023,Law,48
West Aid 22,O22,2023,Health,76
West Aid 22,O22,2023,Environment,95
West Aid 22,O22,2023,Education,124
West Aid 22,O22,2024,Community,134
West Aid 22,O22,2024,Environment,129
West Aid 22,O22,2024,Health,50
West Aid 22,O22,2024,Education,128
West Aid 22,O22,2024,Law,42
West Aid 22,O22,2024,Total,466
True Minds 23,O23,2018,Environment,32
True Minds 23,O23,2018,Health,134
True Minds 23,O23,2018,Education,98
True Minds 23,O23,2018,Law,48
True Minds 23,O23,2018,Community,29
True Minds 23,O23,2018,Total,355
True Minds 23,O23,2019,Environment,31
True Minds 23,O23,2019,Health,128
True Minds 23,O23,2019,Education,101
True Minds 23,O23,2019,Law,44
True Minds 23,O23,2019,Community,28
True Minds 23,O23,2019,Total,327
True Minds 23,O23,2020,Environment,31
True Minds 23,O23,2020,Health,94
True Minds 23,O23,2020,Education,88
True Minds 23,O23,2020,Law,17
True Minds 23,O23,2020,Community,116
True Minds 23,O23,2020,Total,356
True Minds 23,O23,2021,Community,139
True Minds 23,O23,2021,Law,45
True Minds 23,O23,2021,Total,411
True Minds 23,O23,2021,Health,92
True Minds 23,O23,2021,Environment,96
True Minds 23,O23,2021,Education,61
True Minds 23,O23,2022,Environment,78
True Minds 23,O23,2022,Health,129
True Minds 23,O23,2022,Education,45
True Minds 23,O23,2022,Law,57
True Minds 23,O23,2022,Community,62
True Minds 23,O23,2022,Total,395
True Minds 23,O23,2023,Total,373
True Minds 23,O23,2023,Community,73
True Minds 23,O23,2023,Law,10
True Minds 23,O23,2023,Health,103
True Minds 23,O23,2023,Environment,82
True Minds 23,O23,2023,Education,111
True Minds 23,O23,2024,Community,97
True Minds 23,O23,2024,Environment,77
True Minds 23,O23,2024,Health,129
True Minds 23,O23,2024,Education,30
True Minds 23,O23,2024,Law,78
True Minds 23,O23,2024,Total,398
Open Access 24,O24,2018,Environment,116
Open Access 24,O24,2018,Health,81
Open Access 24,O24,2018,Education,84
Open Access 24,O24,2018,Law,55
Open Access 24,O24,2018,Community,74
Open Access 24,O24,2018,Total,365
Open Access 24,O24,2019,Environment,104
Open Access 24,O24,2019,Health,73
Open Access 24,O24,2019,Education,80
Open Access 24,O24,2019,Law,58
Open Access 24,O24,2019,Community,74
Open Access 24,O24,2019,Total,363
Open Access 24,O24,2020,Environment,97
Open Access 24,O24,2020,Health,54
Open Access 24,O24,2020,Education,92
Open Access 24,O24,2020,Law,20
Open Access 24,O24,2020,Community,23
Open Access 24,O24,2020,Total,263
Open Access 24,O24,2021,Community,85
Open Access 24,O24,2021,Law,54
Open Access 24,O24,2021,Total,410
Open Access 24,O24,2021,Health,120
Open Access 24,O24,2021,Environment,70
Open Access 24,O24,2021,Education,83
Open Access 24,O24,2022,Environment,103
Open Access 24,O24,2022,Health,121
Open Access 24,O24,2022,Education,128
Open Access 24,O24,2022,Law,15
Open Access 24,O24,2022,Community,31
Open Access 24,O24,2022,Total,414
Open Access 24,O24,2023,Total,210
Open Access 24,O24,2023,Community,24
Open Access 24,O24,2023,Law,49
Open Access 24,O24,2023,Health,65
Open Access 24,O24,2023,Environment,35
Open Access 24,O24,2023,Education,21
Open Access 24,O24,2024,Community,49
Open Access 24,O24,2024,Environment,39
Open Access 24,O24,2024,Health,82
Open Access 24,O24,2024,Education,31
Open Access 24,O24,2024,Law,25
Open Access 24,O24,2024,Total,215
Hope Path 25,O25,2016,Environment,106
Hope Path 25,O25,2016,Health,89
Hope Path 25,O25,2016,Education,32
Hope Path 25,O25,2016,Law,12
Hope Path 25,O25,2016,Community,42
Hope Path 25,O25,2016,Total,282
Hope Path 25,O25,2017,Environment,109
Hope Path 25,O25,2017,Health,94
Hope Path 25,O25,2017,Education,29
Hope Path 25,O25,2017,Law,12
Hope Path 25,O25,2017,Community,40
Hope Path 25,O25,2017,Total,292
Hope Path 25,O25,2018,Environment,120
Hope Path 25,O25,2018,Health,92
Hope Path 25,O25,2018,Education,30
Hope Path 25,O25,2018,Law,13
Hope Path 25,O25,2018,Community,38
Hope Path 25,O25,2018,Total,298
Hope Path 25,O25,2019,Environment,104
Hope Path 25,O25,2019,Health,89
Hope Path 25,O25,2019,Education,28
Hope Path 25,O25,2019,Law,12
Hope Path 25,O25,2019,Community,39
Hope Path 25,O25,2019,Total,289
Hope Path 25,O25,2020,Environment,81
Hope Path 25,O25,2020,Health,116
Hope Path 25,O25,2020,Education,56
Hope Path 25,O25,2020,Law,66
Hope Path 25,O25,2020,Community,36
Hope Path 25,O25,2020,Total,372
Hope Path 25,O25,2021,Community,96
Hope Path 25,O25,2021,Law,28
Hope Path 25,O25,2021,Total,433
Hope Path 25,O25,2021,Health,132
Hope Path 25,O25,2021,Environment,124
Hope Path 25,O25,2021,Education,34
Hope Path 25,O25,2022,Environment,42
Hope Path 25,O25,2022,Health,127
Hope Path 25,O25,2022,Education,107
Hope Path 25,O25,2022,Law,33
Hope Path 25,O25,2022,Community,46
Hope Path 25,O25,2022,Total,347
Hope Path 25,O25,2023,Total,352
Hope Path 25,O25,2023,Community,124
Hope Path 25,O25,2023,Law,33
Hope Path 25,O25,2023,Health,30
Hope Path 25,O25,2023,Environment,95
Hope Path 25,O25,2023,Education,91
Hope Path 25,O25,2024,Community,47
Hope Path 25,O25,2024,Environment,107
Hope Path 25,O25,2024,Health,94
Hope Path 25,O25,2024,Education,52
Hope Path 25,O25,2024,Law,22
Hope Path 25,O25,2024,Total,296
Nova Earth 26,O26,2016,Environment,35
Nova Earth 26,O26,2016,Health,55
Nova Earth 26,O26,2016,Education,38
Nova Earth 26,O26,2016,Law,78
Nova Earth 26,O26,2016,Community,48
Nova Earth 26,O26,2016,Total,290
Nova Earth 26,O26,2017,Environment,37
Nova Earth 26,O26,2017,Health,58
Nova Earth 26,O26,2017,Education,41
Nova Earth 26,O26,2017,Law,83
Nova Earth 26,O26,2017,Community,50
Nova Earth 26,O26,2017,Total,296
Nova Earth 26,O26,2018,Environment,41
Nova Earth 26,O26,2018,Health,58
Nova Earth 26,O26,2018,Education,45
Nova Earth 26,O26,2018,Law,81
Nova Earth 26,O26,2018,Community,48
Nova Earth 26,O26,2018,Total,280
Nova Earth 26,O26,2019,Environment,36
Nova Earth 26,O26,2019,Health,55
Nova Earth 26,O26,2019,Education,39
Nova Earth 26,O26,2019,Law,77
Nova Earth 26,O26,2019,Community,47
Nova Earth 26,O26,2019,Total,277
Nova Earth 26,O26,2020,Environment,73
Nova Earth 26,O26,2020,Health,81
Nova Earth 26,O26,2020,Education,35
Nova Earth 26,O26,2020,Law,62
Nova Earth 26,O26,2020,Community,122
Nova Earth 26,O26,2020,Total,372
Nova Earth 26,O26,2021,Community,45
Nova Earth 26,O26,2021,Law,55
Nova Earth 26,O26,2021,Total,275
Nova Earth 26,O26,2021,Health,103
Nova Earth 26,O26,2021,Environment,49
Nova Earth 26,O26,2021,Education,51
Nova Earth 26,O26,2022,Environment,117
Nova Earth 26,O26,2022,Health,29
Nova Earth 26,O26,2022,Education,56
Nova Earth 26,O26,2022,Law,53
Nova Earth 26,O26,2022,Community,113
Nova Earth 26,O26,2022,Total,365
Nova Earth 26,O26,2023,Total,388
Nova Earth 26,O26,2023,Community,111
Nova Earth 26,O26,2023,Law,27
Nova Earth 26,O26,2023,Health,32
Nova Earth 26,O26,2023,Environment,106
Nova Earth 26,O26,2023,Education,108
Nova Earth 26,O26,2024,Community,131
Nova Earth 26,O26,2024,Environment,85
Nova Earth 26,O26,2024,Health,88
Nova Earth 26,O26,2024,Education,67
Nova Earth 26,O26,2024,Law,27
Nova Earth 26,O26,2024,Total,411
East Community 27,O27,2015,Environment,53
East Community 27,O27,2015,Health,80
East Community 27,O27,2015,Education,130
East Community 27,O27,2015,Law,63
East Community 27,O27,2015,Community,71
East Community 27,O27,2015,Total,416
East Community 27,O27,2016,Environment,54
East Community 27,O27,2016,Health,82
East Community 27,O27,2016,Education,133
East Community 27,O27,2016,Law,59
East Community 27,O27,2016,Community,82
East Community 27,O27,2016,Total,386
East Community 27,O27,2017,Environment,61
East Community 27,O27,2017,Health,78
East Community 27,O27,2017,Education,121
East Community 27,O27,2017,Law,59
East Community 27,O27,2017,Community,71
East Community 27,O27,2017,Total,416
East Community 27,O27,2018,Environment,57
East Community 27,O27,2018,Health,85
East Community 27,O27,2018,Education,135
East Community 27,O27,2018,Law,56
East Community 27,O27,2018,Community,76
East Community 27,O27,2018,Total,421
East Community 27,O27,2019,Environment,56
East Community 27,O27,2019,Health,78
East Community 27,O27,2019,Education,127
East Community 27,O27,2019,Law,58
East Community 27,O27,2019,Community,77
East Community 27,O27,2019,Total,399
East Community 27,O27,2020,Environment,30
East Community 27,O27,2020,Health,54
East Community 27,O27,2020,Education,108
East Community 27,O27,2020,Law,38
East Community 27,O27,2020,Community,139
East Community 27,O27,2020,Total,384
East Community 27,O27,2021,Community,128
East Community 27,O27,2021,Law,61
East Community 27,O27,2021,Total,443
East Community 27,O27,2021,Health,84
East Community 27,O27,2021,Environment,83
East Community 27,O27,2021,Education,80
East Community 27,O27,2022,Environment,88
East Community 27,O27,2022,Health,130
East Community 27,O27,2022,Education,107
East Community 27,O27,2022,Law,30
East Community 27,O27,2022,Community,84
East Community 27,O27,2022,Total,432
East Community 27,O27,2023,Total,288
East Community 27,O27,2023,Community,38
East Community 27,O27,2023,Law,15
East Community 27,O27,2023,Health,83
East Community 27,O27,2023,Environment,103
East Community 27,O27,2023,Education,76
East Community 27,O27,2024,Community,123
East Community 27,O27,2024,Environment,135
East Community 27,O27,2024,Health,24
East Community 27,O27,2024,Education,126
East Community 27,O27,2024,Law,35
East Community 27,O27,2024,Total,443
Nova Alliance 28,O28,2015,Environment,38
Nova Alliance 28,O28,2015,Health,28
Nova Alliance 28,O28,2015,Education,53
Nova Alliance 28,O28,2015,Law,40
Nova Alliance 28,O28,2015,Community,65
Nova Alliance 28,O28,2015,Total,216
Nova Alliance 28,O28,2016,Environment,37
Nova Alliance 28,O28,2016,Health,25
Nova Alliance 28,O28,2016,Education,50
Nova Alliance 28,O28,2016,Law,42
Nova Alliance 28,O28,2016,Community,54
Nova Alliance 28,O28,2016,Total,211
Nova Alliance 28,O28,2017,Environment,36
Nova Alliance 28,O28,2017,Health,29
Nova Alliance 28,O28,2017,Education,55
Nova Alliance 28,O28,2017,Law,41
Nova Alliance 28,O28,2017,Community,59
Nova Alliance 28,O28,2017,Total,204
Nova Alliance 28,O28,2018,Environment,37
Nova Alliance 28,O28,2018,Health,30
Nova Alliance 28,O28,2018,Education,57
Nova Alliance 28,O28,2018,Law,39
Nova Alliance 28,O28,2018,Community,60
Nova Alliance 28,O28,2018,Total,210
Nova Alliance 28,O28,2019,Environment,37
Nova Alliance 28,O28,2019,Health,28
Nova Alliance 28,O28,2019,Education,53
Nova Alliance 28,O28,2019,Law,40
Nova Alliance 28,O28,2019,Community,58
Nova Alliance 28,O28,2019,Total,202
Nova Alliance 28,O28,2020,Environment,68
Nova Alliance 28,O28,2020,Health,66
Nova Alliance 28,O28,2020,Education,68
Nova Alliance 28,O28,2020,Law,45
Nova Alliance 28,O28,2020,Community,120
Nova Alliance 28,O28,2020,Total,389
Nova Alliance 28,O28,2021,Community,85
Nova Alliance 28,O28,2021,Law,75
Nova Alliance 28,O28,2021,Total,393
Nova Alliance 28,O28,2021,Health,55
Nova Alliance 28,O28,2021,Environment,28
Nova Alliance 28,O28,2021,Education,126
Nova Alliance 28,O28,2022,Environment,104
Nova Alliance 28,O28,2022,Health,124
Nova Alliance 28,O28,2022,Education,95
Nova Alliance 28,O28,2022,Law,21
Nova Alliance 28,O28,2022,Community,61
Nova Alliance 28,O28,2022,Total,378
Nova Alliance 28,O28,2023,Total,360
Nova Alliance 28,O28,2023,Community,24
Nova Alliance 28,O28,2023,Law,48
Nova Alliance 28,O28,2023,Health,135
Nova Alliance 28,O28,2023,Environment,55
Nova Alliance 28,O28,2023,Education,74
Nova Alliance 28,O28,2024,Community,68
Nova Alliance 28,O28,2024,Environment,45
Nova Alliance 28,O28,2024,Health,75
Nova Alliance 28,O28,2024,Education,115
Nova Alliance 28,O28,2024,Law,66
Nova Alliance 28,O28,2024,Total,352
Unity Hands 29,O29,2016,Environment,30
Unity Hands 29,O29,2016,Health,47
Unity Hands 29,O29,2016,Education,115
Unity Hands 29,O29,2016,Law,24
Unity Hands 29,O29,2016,Community,120
Unity Hands 29,O29,2016,Total,393
Unity Hands 29,O29,2017,Environment,33
Unity Hands 29,O29,2017,Health,44
Unity Hands 29,O29,2017,Education,106
Unity Hands 29,O29,2017,Law,22
Unity Hands 29,O29,2017,Community,134
Unity Hands 29,O29,2017,Total,390
Unity Hands 29,O29,2018,Environment,34
Unity Hands 29,O29,2018,Health,44
Unity Hands 29,O29,2018,Education,104
Unity Hands 29,O29,2018,Law,21
Unity Hands 29,O29,2018,Community,133
Unity Hands 29,O29,2018,Total,333
Unity Hands 29,O29,2019,Environment,32
Unity Hands 29,O29,2019,Health,43
Unity Hands 29,O29,2019,Education,101
Unity Hands 29,O29,2019,Law,22
Unity Hands 29,O29,2019,Community,130
Unity Hands 29,O29,2019,Total,351
Unity Hands 29,O29,2020,Environment,66
Unity Hands 29,O29,2020,Health,75
Unity Hands 29,O29,2020,Education,51
Unity Hands 29,O29,2020,Law,49
Unity Hands 29,O29,2020,Community,43
Unity Hands 29,O29,2020,Total,302
Unity Hands 29,O29,2021,Community,85
Unity Hands 29,O29,2021,Law,78
Unity Hands 29,O29,2021,Total,285
Unity Hands 29,O29,2021,Health,33
Unity Hands 29,O29,2021,Environment,37
Unity Hands 29,O29,2021,Education,51
Unity Hands 29,O29,2022,Environment,21
Unity Hands 29,O29,2022,Health,82
Unity Hands 29,O29,2022,Education,79
Unity Hands 29,O29,2022,Law,16
Unity Hands 29,O29,2022,Community,34
Unity Hands 29,O29,2022,Total,249
Unity Hands 29,O29,2023,Total,417
Unity Hands 29,O29,2023,Community,21
Unity Hands 29,O29,2023,Law,39
Unity Hands 29,O29,2023,Health,123
Unity Hands 29,O29,2023,Environment,122
Unity Hands 29,O29,2023,Education,113
Unity Hands 29,O29,2024,Community,128
Unity Hands 29,O29,2024,Environment,86
Unity Hands 29,O29,2024,Health,74
Unity Hands 29,O29,2024,Education,41
Unity Hands 29,O29,2024,Law,23
Unity Hands 29,O29,2024,Total,336
Green Circle 30,O30,2019,Environment,69
Green Circle 30,O30,2019,Health,33
Green Circle 30,O30,2019,Education,132
Green Circle 30,O30,2019,Law,43
Green Circle 30,O30,2019,Community,131
Green Circle 30,O30,2019,Total,380
Green Circle 30,O30,2020,Environment,63
Green Circle 30,O30,2020,Health,36
Green Circle 30,O30,2020,Education,67
Green Circle 30,O30,2020,Law,44
Green Circle 30,O30,2020,Community,132
Green Circle 30,O30,2020,Total,344
Green Circle 30,O30,2021,Community,106
Green Circle 30,O30,2021,Law,70
Green Circle 30,O30,2021,Total,517
Green Circle 30,O30,2021,Health,81
Green Circle 30,O30,2021,Environment,120
Green Circle 30,O30,2021,Education,116
Green Circle 30,O30,2022,Environment,111
Green Circle 30,O30,2022,Health,36
Green Circle 30,O30,2022,Education,95
Green Circle 30,O30,2022,Law,67
Green Circle 30,O30,2022,Community,92
Green Circle 30,O30,2022,Total,379
Green Circle 30,O30,2023,Total,324
Green Circle 30,O30,2023,Community,100
Green Circle 30,O30,2023,Law,57
Green Circle 30,O30,2023,Health,49
Green Circle 30,O30,2023,Environment,94
Green Circle 30,O30,2023,Education,37
Green Circle 30,O30,2024,Community,27
Green Circle 30,O30,2024,Environment,130
Green Circle 30,O30,2024,Health,120
Green Circle 30,O30,2024,Education,33
Green Circle 30,O30,2024,Law,74
Green Circle 30,O30,2024,Total,364
Open Action 31,O31,2013,Environment,68
Open Action 31,O31,2013,Health,122
Open Action 31,O31,2013,Education,52
Open Action 31,O31,2013,Law,49
Open Action 31,O31,2013,Community,100
Open Action 31,O31,2013,Total,391
Open Action 31,O31,2014,Environment,65
Open Action 31,O31,2014,Health,113
Open Action 31,O31,2014,Education,52
Open Action 31,O31,2014,Law,50
Open Action 31,O31,2014,Community,91
Open Action 31,O31,2014,Total,405
Open Action 31,O31,2015,Environment,76
Open Action 31,O31,2015,Health,117
Open Action 31,O31,2015,Education,55
Open Action 31,O31,2015,Law,50
Open Action 31,O31,2015,Community,94
Open Action 31,O31,2015,Total,383
Open Action 31,O31,2016,Environment,69
Open Action 31,O31,2016,Health,116
Open Action 31,O31,2016,Education,49
Open Action 31,O31,2016,Law,48
Open Action 31,O31,2016,Community,101
Open Action 31,O31,2016,Total,386
Open Action 31,O31,2017,Environment,69
Open Action 31,O31,2017,Health,119
Open Action 31,O31,2017,Education,55
Open Action 31,O31,2017,Law,49
Open Action 31,O31,2017,Community,95
Open Action 31,O31,2017,Total,382
Open Action 31,O31,2018,Environment,67
Open Action 31,O31,2018,Health,111
Open Action 31,O31,2018,Education,53
Open Action 31,O31,2018,Law,50
Open Action 31,O31,2018,Community,90
Open Action 31,O31,2018,Total,407
Open Action 31,O31,2019,Environment,66
Open Action 31,O31,2019,Health,111
Open Action 31,O31,2019,Education,52
Open Action 31,O31,2019,Law,46
Open Action 31,O31,2019,Community,93
Open Action 31,O31,2019,Total,392
Open Action 31,O31,2020,Environment,132
Open Action 31,O31,2020,Health,70
Open Action 31,O31,2020,Education,87
Open Action 31,O31,2020,Law,30
Open Action 31,O31,2020,Community,97
Open Action 31,O31,2020,Total,401
Open Action 31,O31,2021,Community,130
Open Action 31,O31,2021,Law,50
Open Action 31,O31,2021,Total,307
Open Action 31,O31,2021,Health,28
Open Action 31,O31,2021,Environment,68
Open Action 31,O31,2021,Education,60
Open Action 31,O31,2022,Environment,50
Open Action 31,O31,2022,Health,116
Open Action 31,O31,2022,Education,67
Open Action 31,O31,2022,Law,72
Open Action 31,O31,2022,Community,73
Open Action 31,O31,2022,Total,397
Open Action 31,O31,2023,Total,452
Open Action 31,O31,2023,Community,117
Open Action 31,O31,2023,Law,75
Open Action 31,O31,2023,Health,96
Open Action 31,O31,2023,Environment,120
Open Action 31,O31,2023,Education,44
Open Action 31,O31,2024,Community,111
Open Action 31,O31,2024,Environment,59
Open Action 31,O31,2024,Health,61
Open Action 31,O31,2024,Education,72
Open Action 31,O31,2024,Law,54
Open Action 31,O31,2024,Total,355
Prime Access 32,O32,2017,Environment,126
Prime Access 32,O32,2017,Health,49
Prime Access 32,O32,2017,Education,132
Prime Access 32,O32,2017,Law,43
Prime Access 32,O32,2017,Community,79
Prime Access 32,O32,2017,Total,432
Prime Access 32,O32,2018,Environment,129
Prime Access 32,O32,2018,Health,52
Prime Access 32,O32,2018,Education,143
Prime Access 32,O32,2018,Law,43
Prime Access 32,O32,2018,Community,84
Prime Access 32,O32,2018,Total,476
Prime Access 32,O32,2019,Environment,129
Prime Access 32,O32,2019,Health,49
Prime Access 32,O32,2019,Education,132
Prime Access 32,O32,2019,Law,42
Prime Access 32,O32,2019,Community,80
Prime Access 32,O32,2019,Total,419
Prime Access 32,O32,2020,Environment,92
Prime Access 32,O32,2020,Health,65
Prime Access 32,O32,2020,Education,80
Prime Access 32,O32,2020,Law,63
Prime Access 32,O32,2020,Community,55
Prime Access 32,O32,2020,Total,375
Prime Access 32,O32,2021,Community,92
Prime Access 32,O32,2021,Law,38
Prime Access 32,O32,2021,Total,399
Prime Access 32,O32,2021,Health,118
Prime Access 32,O32,2021,Environment,58
Prime Access 32,O32,2021,Education,111
Prime Access 32,O32,2022,Environment,32
Prime Access 32,O32,2022,Health,57
Prime Access 32,O32,2022,Education,54
Prime Access 32,O32,2022,Law,61
Prime Access 32,O32,2022,Community,46
Prime Access 32,O32,2022,Total,250
Prime Access 32,O32,2023,Total,342
Prime Access 32,O32,2023,Community,47
Prime Access 32,O32,2023,Law,47
Prime Access 32,O32,2023,Health,77
Prime Access 32,O32,2023,Environment,83
Prime Access 32,O32,2023,Education,78
Prime Access 32,O32,2024,Community,93
Prime Access 32,O32,2024,Environment,122
Prime Access 32,O32,2024,Health,77
Prime Access 32,O32,2024,Education,61
Prime Access 32,O32,2024,Law,49
Prime Access 32,O32,2024,Total,408
Bright Alliance 33,O33,2019,Environment,84
Bright Alliance 33,O33,2019,Health,85
Bright Alliance 33,O33,2019,Education,84
Bright Alliance 33,O33,2019,Law,36
Bright Alliance 33,O33,2019,Community,117
Bright Alliance 33,O33,2019,Total,390
Bright Alliance 33,O33,2020,Environment,108
Bright Alliance 33,O33,2020,Health,71
Bright Alliance 33,O33,2020,Education,55
Bright Alliance 33,O33,2020,Law,12
Bright Alliance 33,O33,2020,Community,72
Bright Alliance 33,O33,2020,Total,291
Bright Alliance 33,O33,2021,Community,53
Bright Alliance 33,O33,2021,Law,76
Bright Alliance 33,O33,2021,Total,354
Bright Alliance 33,O33,2021,Health,88
Bright Alliance 33,O33,2021,Environment,65
Bright Alliance 33,O33,2021,Education,55
Bright Alliance 33,O33,2022,Environment,90
Bright Alliance 33,O33,2022,Health,94
Bright Alliance 33,O33,2022,Education,134
Bright Alliance 33,O33,2022,Law,59
Bright Alliance 33,O33,2022,Community,31
Bright Alliance 33,O33,2022,Total,401
Bright Alliance 33,O33,2023,Total,241
Bright Alliance 33,O33,2023,Community,78
Bright Alliance 33,O33,2023,Law,10
Bright Alliance 33,O33,2023,Health,27
Bright Alliance 33,O33,2023,Environment,38
Bright Alliance 33,O33,2023,Education,88
Bright Alliance 33,O33,2024,Community,72
Bright Alliance 33,O33,2024,Environment,84
Bright Alliance 33,O33,2024,Health,39
Bright Alliance 33,O33,2024,Education,139
Bright Alliance 33,O33,2024,Law,29
Bright Alliance 33,O33,2024,Total,383
Green Roots 34,O34,2017,Environment,49
Green Roots 34,O34,2017,Health,79
Green Roots 34,O34,2017,Education,71
Green Roots 34,O34,2017,Law,58
Green Roots 34,O34,2017,Community,136
Green Roots 34,O34,2017,Total,391
Green Roots 34,O34,2018,Environment,53
Green Roots 34,O34,2018,Health,87
Green Roots 34,O34,2018,Education,60
Green Roots 34,O34,2018,Law,61
Green Roots 34,O34,2018,Community,118
Green Roots 34,O34,2018,Total,393
Green Roots 34,O34,2019,Environment,51
Green Roots 34,O34,2019,Health,79
Green Roots 34,O34,2019,Education,65
Green Roots 34,O34,2019,Law,56
Green Roots 34,O34,2019,Community,131
Green Roots 34,O34,2019,Total,381
Green Roots 34,O34,2020,Environment,79
Green Roots 34,O34,2020,Health,107
Green Roots 34,O34,2020,Education,80
Green Roots 34,O34,2020,Law,28
Green Roots 34,O34,2020,Community,102
Green Roots 34,O34,2020,Total,387
Green Roots 34,O34,2021,Community,51
Green Roots 34,O34,2021,Law,54
Green Roots 34,O34,2021,Total,380
Green Roots 34,O34,2021,Health,40
Green Roots 34,O34,2021,Environment,106
Green Roots 34,O34,2021,Education,130
Green Roots 34,O34,2022,Environment,36
Green Roots 34,O34,2022,Health,57
Green Roots 34,O34,2022,Education,78
Green Roots 34,O34,2022,Law,10
Green Roots 34,O34,2022,Community,41
Green Roots 34,O34,2022,Total,211
Green Roots 34,O34,2023,Total,418
Green Roots 34,O34,2023,Community,60
Green Roots 34,O34,2023,Law,24
Green Roots 34,O34,2023,Health,125
Green Roots 34,O34,2023,Environment,109
Green Roots 34,O34,2023,Education,71
Green Roots 34,O34,2024,Community,82
Green Roots 34,O34,2024,Environment,93
Green Roots 34,O34,2024,Health,70
Green Roots 34,O34,2024,Education,79
Green Roots 34,O34,2024,Law,32
Green Roots 34,O34,2024,Total,366
South Hands 35,O35,2015,Environment,59
South Hands 35,O35,2015,Health,30
South Hands 35,O35,2015,Education,35
South Hands 35,O35,2015,Law,23
South Hands 35,O35,2015,Community,27
South Hands 35,O35,2015,Total,160
South Hands 35,O35,2016,Environment,57
South Hands 35,O35,2016,Health,28
South Hands 35,O35,2016,Education,32
South Hands 35,O35,2016,Law,24
South Hands 35,O35,2016,Community,28
South Hands 35,O35,2016,Total,163
South Hands 35,O35,2017,Environment,60
South Hands 35,O35,2017,Health,29
South Hands 35,O35,2017,Education,38
South Hands 35,O35,2017,Law,22
South Hands 35,O35,2017,Community,27
South Hands 35,O35,2017,Total,166
South Hands 35,O35,2018,Environment,53
South Hands 35,O35,2018,Health,29
South Hands 35,O35,2018,Education,33
South Hands 35,O35,2018,Law,22
South Hands 35,O35,2018,Community,28
South Hands 35,O35,2018,Total,162
South Hands 35,O35,2019,Environment,59
South Hands 35,O35,2019,Health,28
South Hands 35,O35,2019,Education,33
South Hands 35,O35,2019,Law,22
South Hands 35,O35,2019,Community,27
South Hands 35,O35,2019,Total,157
South Hands 35,O35,2020,Environment,49
South Hands 35,O35,2020,Health,135
South Hands 35,O35,2020,Education,111
South Hands 35,O35,2020,Law,16
South Hands 35,O35,2020,Community,63
South Hands 35,O35,2020,Total,385
South Hands 35,O35,2021,Community,69
South Hands 35,O35,2021,Law,78
South Hands 35,O35,2021,Total,370
South Hands 35,O35,2021,Health,109
South Hands 35,O35,2021,Environment,63
South Hands 35,O35,2021,Education,22
South Hands 35,O35,2022,Environment,71
South Hands 35,O35,2022,Health,133
South Hands 35,O35,2022,Education,103
South Hands 35,O35,2022,Law,34
South Hands 35,O35,2022,Community,96
South Hands 35,O35,2022,Total,421
South Hands 35,O35,2023,Total,319
South Hands 35,O35,2023,Community,68
South Hands 35,O35,2023,Law,66
South Hands 35,O35,2023,Health,95
South Hands 35,O35,2023,Environment,43
South Hands 35,O35,2023,Education,69
South Hands 35,O35,2024,Community,103
South Hands 35,O35,2024,Environment,104
South Hands 35,O35,2024,Health,76
South Hands 35,O35,2024,Education,62
South Hands 35,O35,2024,Law,25
South Hands 35,O35,2024,Total,379
Unity Aid 36,O36,2013,Environment,126
Unity Aid 36,O36,2013,Health,114
Unity Aid 36,O36,2013,Education,55
Unity Aid 36,O36,2013,Law,77
Unity Aid 36,O36,2013,Community,102
Unity Aid 36,O36,2013,Total,535
Unity Aid 36,O36,2014,Environment,130
Unity Aid 36,O36,2014,Health,123
Unity Aid 36,O36,2014,Education,59
Unity Aid 36,O36,2014,Law,74
Unity Aid 36,O36,2014,Community,92
Unity Aid 36,O36,2014,Total,497
Unity Aid 36,O36,2015,Environment,129
Unity Aid 36,O36,2015,Health,115
Unity Aid 36,O36,2015,Education,59
Unity Aid 36,O36,2015,Law,75
Unity Aid 36,O36,2015,Community,97
Unity Aid 36,O36,2015,Total,534
Unity Aid 36,O36,2016,Environment,138
Unity Aid 36,O36,2016,Health,106
Unity Aid 36,O36,2016,Education,51
Unity Aid 36,O36,2016,Law,79
Unity Aid 36,O36,2016,Community,88
Unity Aid 36,O36,2016,Total,499
Unity Aid 36,O36,2017,Environment,124
Unity Aid 36,O36,2017,Health,104
Unity Aid 36,O36,2017,Education,60
Unity Aid 36,O36,2017,Law,78
Unity Aid 36,O36,2017,Community,92
Unity Aid 36,O36,2017,Total,441
Unity Aid 36,O36,2018,Environment,128
Unity Aid 36,O36,2018,Health,117
Unity Aid 36,O36,2018,Education,54
Unity Aid 36,O36,2018,Law,76
Unity Aid 36,O36,2018,Community,95
Unity Aid 36,O36,2018,Total,519
Unity Aid 36,O36,2019,Environment,128
Unity Aid 36,O36,2019,Health,111
Unity Aid 36,O36,2019,Education,57
Unity Aid 36,O36,2019,Law,73
Unity Aid 36,O36,2019,Community,92
Unity Aid 36,O36,2019,Total,490
Unity Aid 36,O36,2020,Environment,48
Unity Aid 36,O36,2020,Health,47
Unity Aid 36,O36,2020,Education,37
Unity Aid 36,O36,2020,Law,68
Unity Aid 36,O36,2020,Community,38
Unity Aid 36,O36,2020,Total,252
Unity Aid 36,O36,2021,Community,107
Unity Aid 36,O36,2021,Law,42
Unity Aid 36,O36,2021,Total,429
Unity Aid 36,O36,2021,Health,66
Unity Aid 36,O36,2021,Environment,134
Unity Aid 36,O36,2021,Education,106
Unity Aid 36,O36,2022,Environment,119
Unity Aid 36,O36,2022,Health,81
Unity Aid 36,O36,2022,Education,115
Unity Aid 36,O36,2022,Law,63
Unity Aid 36,O36,2022,Community,86
Unity Aid 36,O36,2022,Total,480
Unity Aid 36,O36,2023,Total,356
Unity Aid 36,O36,2023,Community,133
Unity Aid 36,O36,2023,Law,55
Unity Aid 36,O36,2023,Health,55
Unity Aid 36,O36,2023,Environment,60
Unity Aid 36,O36,2023,Education,64
Unity Aid 36,O36,2024,Community,95
Unity Aid 36,O36,2024,Environment,71
Unity Aid 36,O36,2024,Health,128
Unity Aid 36,O36,2024,Education,84
Unity Aid 36,O36,2024,Law,77
Unity Aid 36,O36,2024,Total,453
North Support 37,O37,2013,Environment,138
North Support 37,O37,2013,Health,75
North Support 37,O37,2013,Education,38
North Support 37,O37,2013,Law,60
North Support 37,O37,2013,Community,44
North Support 37,O37,2013,Total,310
North Support 37,O37,2014,Environment,134
North Support 37,O37,2014,Health,74
North Support 37,O37,2014,Education,37
North Support 37,O37,2014,Law,58
North Support 37,O37,2014,Community,45
North Support 37,O37,2014,Total,301
North Support 37,O37,2015,Environment,131
North Support 37,O37,2015,Health,78
North Support 37,O37,2015,Education,34
North Support 37,O37,2015,Law,53
North Support 37,O37,2015,Community,44
North Support 37,O37,2015,Total,308
North Support 37,O37,2016,Environment,137
North Support 37,O37,2016,Health,73
North Support 37,O37,2016,Education,35
North Support 37,O37,2016,Law,58
North Support 37,O37,2016,Community,46
North Support 37,O37,2016,Total,321
North Support 37,O37,2017,Environment,115
North Support 37,O37,2017,Health,74
North Support 37,O37,2017,Education,36
North Support 37,O37,2017,Law,59
North Support 37,O37,2017,Community,42
North Support 37,O37,2017,Total,330
North Support 37,O37,2018,Environment,139
North Support 37,O37,2018,Health,65
North Support 37,O37,2018,Education,35
North Support 37,O37,2018,Law,58
North Support 37,O37,2018,Community,45
North Support 37,O37,2018,Total,313
North Support 37,O37,2019,Environment,127
North Support 37,O37,2019,Health,71
North Support 37,O37,2019,Education,35
North Support 37,O37,2019,Law,57
North Support 37,O37,2019,Community,42
North Support 37,O37,2019,Total,303
North Support 37,O37,2020,Environment,89
North Support 37,O37,2020,Health,41
North Support 37,O37,2020,Education,113
North Support 37,O37,2020,Law,72
North Support 37,O37,2020,Community,138
North Support 37,O37,2020,Total,472
North Support 37,O37,2021,Community,100
North Support 37,O37,2021,Law,43
North Support 37,O37,2021,Total,247
North Support 37,O37,2021,Health,42
North Support 37,O37,2021,Environment,47
North Support 37,O37,2021,Education,21
North Support 37,O37,2022,Environment,30
North Support 37,O37,2022,Health,44
North Support 37,O37,2022,Education,72
North Support 37,O37,2022,Law,72
North Support 37,O37,2022,Community,122
North Support 37,O37,2022,Total,367
North Support 37,O37,2023,Total,329
North Support 37,O37,2023,Community,135
North Support 37,O37,2023,Law,52
North Support 37,O37,2023,Health,38
North Support 37,O37,2023,Environment,58
North Support 37,O37,2023,Education,21
North Support 37,O37,2024,Community,83
North Support 37,O37,2024,Environment,50
North Support 37,O37,2024,Health,84
North Support 37,O37,2024,Education,78
North Support 37,O37,2024,Law,49
North Support 37,O37,2024,Total,363
Nova Partners 38,O38,2017,Environment,32
Nova Partners 38,O38,2017,Health,119
Nova Partners 38,O38,2017,Education,31
Nova Partners 38,O38,2017,Law,72
Nova Partners 38,O38,2017,Community,45
Nova Partners 38,O38,2017,Total,297
Nova Partners 38,O38,2018,Environment,32
Nova Partners 38,O38,2018,Health,119
Nova Partners 38,O38,2018,Education,32
Nova Partners 38,O38,2018,Law,74
Nova Partners 38,O38,2018,Community,47
Nova Partners 38,O38,2018,Total,338
Nova Partners 38,O38,2019,Environment,30
Nova Partners 38,O38,2019,Health,109
Nova Partners 38,O38,2019,Education,32
Nova Partners 38,O38,2019,Law,72
Nova Partners 38,O38,2019,Community,43
Nova Partners 38,O38,2019,Total,302
Nova Partners 38,O38,2020,Environment,69
Nova Partners 38,O38,2020,Health,122
Nova Partners 38,O38,2020,Education,32
Nova Partners 38,O38,2020,Law,39
Nova Partners 38,O38,2020,Community,131
Nova Partners 38,O38,2020,Total,416
Nova Partners 38,O38,2021,Community,54
Nova Partners 38,O38,2021,Law,34
Nova Partners 38,O38,2021,Total,418
Nova Partners 38,O38,2021,Health,121
Nova Partners 38,O38,2021,Environment,138
Nova Partners 38,O38,2021,Education,56
Nova Partners 38,O38,2022,Environment,74
Nova Partners 38,O38,2022,Health,101
Nova Partners 38,O38,2022,Education,36
Nova Partners 38,O38,2022,Law,72
Nova Partners 38,O38,2022,Community,126
Nova Partners 38,O38,2022,Total,423
Nova Partners 38,O38,2023,Total,212
Nova Partners 38,O38,2023,Community,22
Nova Partners 38,O38,2023,Law,13
Nova Partners 38,O38,2023,Health,34
Nova Partners 38,O38,2023,Environment,33
Nova Partners 38,O38,2023,Education,96
Nova Partners 38,O38,2024,Community,23
Nova Partners 38,O38,2024,Environment,39
Nova Partners 38,O38,2024,Health,134
Nova Partners 38,O38,2024,Education,29
Nova Partners 38,O38,2024,Law,34
Nova Partners 38,O38,2024,Total,248
East Partners 39,O39,2013,Environment,108
East Partners 39,O39,2013,Health,24
East Partners 39,O39,2013,Education,28
East Partners 39,O39,2013,Law,73
East Partners 39,O39,2013,Community,131
East Partners 39,O39,2013,Total,388
East Partners 39,O39,2014,Environment,113
East Partners 39,O39,2014,Health,25
East Partners 39,O39,2014,Education,29
East Partners 39,O39,2014,Law,64
East Partners 39,O39,2014,Community,130
East Partners 39,O39,2014,Total,363
East Partners 39,O39,2015,Environment,106
East Partners 39,O39,2015,Health,24
East Partners 39,O39,2015,Education,31
East Partners 39,O39,2015,Law,68
East Partners 39,O39,2015,Community,130
East Partners 39,O39,2015,Total,406
East Partners 39,O39,2016,Environment,110
East Partners 39,O39,2016,Health,26
East Partners 39,O39,2016,Education,30
East Partners 39,O39,2016,Law,62
East Partners 39,O39,2016,Community,132
East Partners 39,O39,2016,Total,382
East Partners 39,O39,2017,Environment,116
East Partners 39,O39,2017,Health,24
East Partners 39,O39,2017,Education,29
East Partners 39,O39,2017,Law,64
East Partners 39,O39,2017,Community,126
East Partners 39,O39,2017,Total,359
East Partners 39,O39,2018,Environment,106
East Partners 39,O39,2018,Health,24
East Partners 39,O39,2018,Education,31
East Partners 39,O39,2018,Law,69
East Partners 39,O39,2018,Community,120
East Partners 39,O39,2018,Total,383
East Partners 39,O39,2019,Environment,106
East Partners 39,O39,2019,Health,23
East Partners 39,O39,2019,Education,28
East Partners 39,O39,2019,Law,66
East Partners 39,O39,2019,Community,124
East Partners 39,O39,2019,Total,364
East Partners 39,O39,2020,Environment,121
East Partners 39,O39,2020,Health,48
East Partners 39,O39,2020,Education,77
East Partners 39,O39,2020,Law,44
East Partners 39,O39,2020,Community,33
East Partners 39,O39,2020,Total,326
East Partners 39,O39,2021,Community,67
East Partners 39,O39,2021,Law,73
East Partners 39,O39,2021,Total,359
East Partners 39,O39,2021,Health,128
East Partners 39,O39,2021,Environment,65
East Partners 39,O39,2021,Education,31
East Partners 39,O39,2022,Environment,98
East Partners 39,O39,2022,Health,85
East Partners 39,O39,2022,Education,26
East Partners 39,O39,2022,Law,30
East Partners 39,O39,2022,Community,87
East Partners 39,O39,2022,Total,355
East Partners 39,O39,2023,Total,412
East Partners 39,O39,2023,Community,109
East Partners 39,O39,2023,Law,45
East Partners 39,O39,2023,Health,47
East Partners 39,O39,2023,Environment,133
East Partners 39,O39,2023,Education,80
East Partners 39,O39,2024,Community,121
East Partners 39,O39,2024,Environment,41
East Partners 39,O39,2024,Health,98
East Partners 39,O39,2024,Education,41
East Partners 39,O39,2024,Law,49
East Partners 39,O39,2024,Total,340
Care Community 40,O40,2018,Environment,53
Care Community 40,O40,2018,Health,24
Care Community 40,O40,2018,Education,140
Care Community 40,O40,2018,Law,79
Care Community 40,O40,2018,Community,120
Care Community 40,O40,2018,Total,385
Care Community 40,O40,2019,Environment,50
Care Community 40,O40,2019,Health,26
Care Community 40,O40,2019,Education,128
Care Community 40,O40,2019,Law,76
Care Community 40,O40,2019,Community,115
Care Community 40,O40,2019,Total,368
Care Community 40,O40,2020,Environment,73
Care Community 40,O40,2020,Health,47
Care Community 40,O40,2020,Education,92
Care Community 40,O40,2020,Law,79
Care Community 40,O40,2020,Community,23
Care Community 40,O40,2020,Total,323
Care Community 40,O40,2021,Community,123
Care Community 40,O40,2021,Law,62
Care Community 40,O40,2021,Total,353
Care Community 40,O40,2021,Health,49
Care Community 40,O40,2021,Environment,64
Care Community 40,O40,2021,Education,40
Care Community 40,O40,2022,Environment,124
Care Community 40,O40,2022,Health,135
Care Community 40,O40,2022,Education,67
Care Community 40,O40,2022,Law,17
Care Community 40,O40,2022,Community,115
Care Community 40,O40,2022,Total,441
Care Community 40,O40,2023,Total,376
Care Community 40,O40,2023,Community,88
Care Community 40,O40,2023,Law,11
Care Community 40,O40,2023,Health,54
Care Community 40,O40,2023,Environment,91
Care Community 40,O40,2023,Education,103
Care Community 40,O40,2024,Community,33
Care Community 40,O40,2024,Environment,99
Care Community 40,O40,2024,Health,67
Care Community 40,O40,2024,Education,25
Care Community 40,O40,2024,Law,31
Care Community 40,O40,2024,Total,271
